id,name,age,email,occupation
1,Courtney Eaton,55,rrosario@example.org,Visual merchandiser
2,Jillian Vaughn,42,christine14@example.net,"Scientist, audiological"
3,Katherine Molina DDS,17,kingsteven@example.org,Oncologist
4,Aaron Martin,17,stephaniemccall@example.net,Clinical research associate
5,Susan Garner,50,shouston@example.org,Health physicist
6,Roger Perez,33,jaredjimenez@example.org,Biomedical engineer
7,Charles Fox,43,joseph44@example.org,Therapeutic radiographer
8,Deborah Singh DDS,31,charlescoleman@example.net,"Therapist, music"
9,Taylor Brooks,39,shaunmathis@example.com,"Presenter, broadcasting"
10,Emily Schmidt,12,davidsonbernard@example.org,Travel agency manager
11,Russell Roy,49,jacquelineblack@example.org,Futures trader
12,Anna Ferguson MD,52,nicole23@example.com,Broadcast presenter
13,Katie May,52,ryanbates@example.com,Forensic psychologist
14,Linda Ellis,24,danielle66@example.org,Quarry manager
15,Steven Davis,49,keithreyes@example.org,"Psychologist, forensic"
16,Lisa May,36,kevinlynn@example.org,Associate Professor
17,Angela Davis,31,tabitha49@example.net,Graphic designer
18,Richard Coleman,34,greencurtis@example.org,Occupational psychologist
19,Gail Hall,36,pamelaharris@example.net,Volunteer coordinator
20,Robert Allison,38,vargasjulie@example.org,Visual merchandiser
21,Diane Simmons,17,nlopez@example.org,"Production assistant, television"
22,Cathy Adams,14,thompsonjoseph@example.net,"Engineer, building services"
23,Kristin Taylor,12,bradleyjill@example.com,Water engineer
24,Ashley Smith,10,jennifer12@example.org,"Surveyor, insurance"
25,Mark Riddle,45,thomasgeorge@example.net,"Geologist, engineering"
26,Stephanie Hoffman,19,llam@example.org,"Production assistant, radio"
27,Karen Curtis,12,msmith@example.net,Publishing rights manager
28,Charles Hicks,40,marvinhenderson@example.net,Financial manager
29,Mary Young,39,mmays@example.org,"Designer, textile"
30,Steven Anderson,22,rmaldonado@example.com,"Civil engineer, contracting"
31,Martin Morrison,52,greennathan@example.org,Warehouse manager
32,Tiffany Martinez,35,lisa28@example.com,Insurance broker
33,Robert Sullivan,10,xjohnson@example.net,Art gallery manager
34,Steven Anderson,24,kimberly06@example.net,"Presenter, broadcasting"
35,Robert Campos,15,hmiller@example.org,Psychiatric nurse
36,Carolyn Holt,31,casey81@example.org,"Scientist, research (life sciences)"
37,Brittany Miles,51,doughertyjohn@example.com,Amenity horticulturist
38,Carla Rios,42,kristin70@example.net,Economist
39,Brett Smith,11,bobbycarrillo@example.com,Charity fundraiser
40,James Whitehead,49,ifernandez@example.org,"Psychologist, sport and exercise"
41,Jacob Cruz,20,pjames@example.com,Medical secretary
42,Dr. Marie Wiley DVM,10,brownjustin@example.com,Human resources officer
43,Juan Ballard,10,robertmoreno@example.com,Museum/gallery exhibitions officer
44,Ryan Smith,30,barrypham@example.net,Drilling engineer
45,Levi Andrews,46,elliottnicholas@example.org,"Scientist, research (medical)"
46,Tracy Mcdaniel,11,carterralph@example.net,Market researcher
47,Kristina Newton,38,stacy13@example.com,Art therapist
48,Nicholas Greene,27,michaelvilla@example.net,"Administrator, arts"
49,Curtis Scott,35,chelsea20@example.org,Adult guidance worker
50,Anna Murray,30,denisecabrera@example.org,"Editor, commissioning"
51,Cheryl Hendrix,37,tgutierrez@example.org,"Therapist, nutritional"
52,Raven Johnson,21,john52@example.org,Ceramics designer
53,Mark Huang,43,blittle@example.com,Aeronautical engineer
54,Mr. William Reyes II,12,skeller@example.net,Early years teacher
55,Thomas Sutton,14,olarson@example.org,"Therapist, occupational"
56,Joseph Phillips,18,robin31@example.org,"Designer, furniture"
57,Deanna Chen,45,andersonbrenda@example.com,"Nurse, adult"
58,Bobby Holt,10,yvargas@example.net,Secondary school teacher
59,Troy Robles,33,zkramer@example.org,Travel agency manager
60,Amanda Mccormick MD,12,samantha40@example.com,"Sales professional, IT"
61,Donald Bowers,37,wanda79@example.net,Occupational therapist
62,Laura Powell,23,khanallen@example.net,Production engineer
63,Dean Moreno,11,shannonprice@example.net,Building services engineer
64,Christine Myers,44,ronnie62@example.org,"Engineer, maintenance (IT)"
65,Mr. Robert Page,29,ewright@example.com,"Journalist, newspaper"
66,Sean Floyd,24,michael26@example.net,IT consultant
67,Shane West,42,upotts@example.net,Chartered management accountant
68,Katherine Rocha,45,sharon98@example.com,"Clinical scientist, histocompatibility and immunogenetics"
69,Melissa Luna,46,wlewis@example.org,Museum education officer
70,Latasha Page,55,colenorma@example.net,Phytotherapist
71,Alejandra Davis MD,32,dcampbell@example.org,"Research officer, trade union"
72,Kimberly Thompson,14,emily48@example.com,Fast food restaurant manager
73,Kyle Fitzpatrick,13,qmiller@example.org,Research scientist (maths)
74,George Burton,11,hfrank@example.org,Acupuncturist
75,Caitlyn Barajas,28,hensonevelyn@example.org,Investment analyst
76,Stephanie Maldonado,49,rebecca07@example.net,"Engineer, civil (contracting)"
77,Brandon Leon DDS,10,morrowdavid@example.org,Corporate treasurer
78,Michael Ramirez,17,zpatterson@example.net,"Accountant, chartered public finance"
79,Jessica Mcknight,52,rgarcia@example.org,Chiropodist
80,Valerie Wagner,16,colonsally@example.com,Sales promotion account executive
81,Ian Moore,23,mcguirechristine@example.net,Printmaker
82,Breanna Roth,53,dchristensen@example.com,Chartered loss adjuster
83,Jessica Ramsey,45,spearsjoseph@example.com,Ophthalmologist
84,Ryan Rivera,21,kimpaul@example.net,Dance movement psychotherapist
85,Anthony Miller,48,cristian87@example.com,Freight forwarder
86,Monica Krause,39,qjones@example.org,"Buyer, industrial"
87,Nicole Torres,44,reneethompson@example.net,Operational investment banker
88,Brian Taylor,34,kimberly13@example.net,Exercise physiologist
89,Shaun Sullivan,34,perezrobert@example.org,Speech and language therapist
90,Gerald Wright,46,jameschristian@example.com,Commissioning editor
91,Kelly Flores,38,pstout@example.com,"Education officer, environmental"
92,Wendy Ritter,55,caseaaron@example.com,"Buyer, industrial"
93,Nicole Flynn,28,qsampson@example.org,Charity fundraiser
94,Brittany Boyd,24,owenstracy@example.net,"Surveyor, insurance"
95,Melissa Becker,24,paul60@example.com,"Designer, industrial/product"
96,Amanda Shaw,51,jamesburke@example.com,Ship broker
97,Denise Ryan,44,robertbarajas@example.net,Tourist information centre manager
98,Joshua Spencer,34,rlittle@example.net,"Teacher, English as a foreign language"
99,Mrs. Pamela Donaldson,35,kmunoz@example.net,Animal nutritionist
100,Joyce Gomez,12,evanspaul@example.com,"Education officer, museum"
101,Timothy Wheeler,21,crystalwilliams@example.org,Environmental health practitioner
102,Jodi Thompson,41,russellcampbell@example.net,"Teacher, music"
103,Allen Norris,17,john72@example.net,Trade mark attorney
104,Candice Hunt,27,jennifercook@example.org,Arts development officer
105,Jessica Young,38,chambersjessica@example.net,Oceanographer
106,Linda Velazquez,41,kurtbaker@example.net,Commercial art gallery manager
107,Jacob Monroe,38,tharmon@example.net,Special effects artist
108,Robin Smith,35,johnthompson@example.net,Clothing/textile technologist
109,Calvin Blair,10,riveranathan@example.net,Press photographer
110,Richard Abbott,29,palmerscott@example.com,Printmaker
111,Todd Martinez,52,brittanyschmidt@example.net,Probation officer
112,Kathleen Sanchez,52,jamie59@example.org,Advertising account executive
113,Jon Strickland,39,qcollins@example.net,Product manager
114,David Haas,49,castrokari@example.org,Industrial buyer
115,Jeremy Myers,25,pricekatherine@example.net,Press photographer
116,Joshua Miller,30,william41@example.com,"Programmer, multimedia"
117,Richard Moon,41,lgibbs@example.org,Animal nutritionist
118,Christine Moran,53,victorialong@example.com,Careers adviser
119,Jonathan Diaz,37,jorodriguez@example.net,Printmaker
120,David Hubbard,27,jdavis@example.net,Fisheries officer
121,Christopher Knox,10,marywatts@example.net,"Engineer, manufacturing"
122,Jesse Zuniga,50,kathryn88@example.net,Patent attorney
123,Jenna Thomas,36,roy54@example.net,Clinical psychologist
124,Ryan Williams,26,hoganjason@example.org,Licensed conveyancer
125,Jose Watson,21,patrickwong@example.net,Air broker
126,Walter Jones,38,stephensjoshua@example.com,Art therapist
127,Frank Ayers,28,snunez@example.org,Ranger/warden
128,Charles Delgado,11,brian34@example.org,Ranger/warden
129,Danielle Norris,10,ricardowright@example.org,Dramatherapist
130,Kaitlyn Jones,53,wmontgomery@example.org,Horticultural consultant
131,Katie Alvarez,10,markdecker@example.org,Hospital doctor
132,Joshua Braun,47,smithkenneth@example.net,Theme park manager
133,Donna Cobb,47,rbautista@example.com,Graphic designer
134,Adrienne Smith,46,asullivan@example.net,Estate agent
135,Mary Reynolds,26,xbooth@example.net,Tour manager
136,William Lawrence,41,enguyen@example.net,Risk analyst
137,Andrew Contreras,40,patriciasnyder@example.net,"Geneticist, molecular"
138,Stacy Casey,41,adamsdavid@example.org,"Designer, jewellery"
139,Laura Turner,24,stephanie45@example.com,Quality manager
140,Jessica Smith,31,harrisjames@example.org,"Scientist, research (life sciences)"
141,Frederick Hernandez,15,soliscarl@example.net,"Civil engineer, consulting"
142,Juan Brewer,52,brandonperry@example.net,Fitness centre manager
143,Michelle Lewis,49,craig59@example.org,Facilities manager
144,Jason Randall,25,bautistamonica@example.org,"Engineer, manufacturing"
145,Emily Miller,37,hawkinsmichael@example.com,Mechanical engineer
146,Charles Harrison,35,jessicaelliott@example.org,Ranger/warden
147,Jared Sweeney,18,sarah93@example.com,Print production planner
148,Jennifer Bailey,47,savannah56@example.net,"Education officer, environmental"
149,Ashley James,20,justingarcia@example.com,Records manager
150,Benjamin Esparza,20,imartinez@example.com,Artist
151,Ms. Melissa Chambers MD,12,johnpeterson@example.net,"Teacher, early years/pre"
152,Allen Thompson,16,nathan31@example.net,Clinical embryologist
153,Catherine Bennett,40,ymyers@example.org,"Engineer, automotive"
154,Alejandra Randall,10,bbrown@example.com,Ranger/warden
155,Brittany Huff,22,scottcallahan@example.org,"Psychologist, forensic"
156,Clinton Johnson,27,huangrobert@example.net,Health service manager
157,Joanne Hernandez,35,jasonwong@example.com,Health service manager
158,Richard Ward,14,cpatterson@example.com,"Administrator, local government"
159,Kelly Taylor,18,perezdavid@example.com,Equality and diversity officer
160,Anthony Powell,44,doris42@example.org,Museum/gallery conservator
161,Benjamin Schultz,55,brian86@example.com,Occupational therapist
162,Alexandra Miller,49,ecolon@example.com,"Horticulturist, amenity"
163,Tracey Jones,17,larry95@example.org,"Investment banker, operational"
164,Michael Prince,24,iphillips@example.com,Forensic scientist
165,Sandra Mendoza,53,rochajohn@example.com,Diplomatic Services operational officer
166,Samantha Taylor,34,dschneider@example.net,Translator
167,Heather Thomas,28,danielhowe@example.com,Academic librarian
168,Donna Smith,36,umiddleton@example.com,Field trials officer
169,Victoria Davis,18,brandimurphy@example.com,Lexicographer
170,Tracey Miranda,27,anthonydavis@example.com,Advertising account planner
171,Russell Morgan,10,lindsey69@example.com,"Programmer, applications"
172,Amy Bell,22,sbean@example.net,Freight forwarder
173,Ashley Clark,11,abigailobrien@example.org,Technical author
174,Caitlin Moon,45,fsantiago@example.net,"Designer, television/film set"
175,Joseph Morris,37,nzavala@example.com,Technical sales engineer
176,Maria Frederick,29,melissa61@example.net,Public relations officer
177,Bonnie Johnson,17,michael85@example.net,IT technical support officer
178,Tiffany Ballard,26,cheryl70@example.net,Chiropodist
179,Pamela Bradley,29,cbradley@example.org,Commercial horticulturist
180,Michael Silva,29,victoriabrandt@example.net,Travel agency manager
181,Erin Harrington,47,munoznicole@example.org,Equality and diversity officer
182,Samantha Ali,52,zwilson@example.net,"Research officer, political party"
183,Christine Wagner,40,crosstheresa@example.com,Medical secretary
184,John Escobar,53,kmorales@example.com,General practice doctor
185,Brian Patterson,21,fsimmons@example.net,Homeopath
186,Randall Smith,32,rachel01@example.com,Astronomer
187,David Fields,50,murphygregory@example.net,"Engineer, automotive"
188,David Boone,42,cbowen@example.org,Writer
189,Julie Collins,47,jackfarrell@example.net,Geoscientist
190,Kimberly Wood,55,webbkathy@example.net,Broadcast journalist
191,David Curry,38,salvarez@example.com,Immigration officer
192,Steven Rogers,27,eric57@example.com,"Social research officer, government"
193,Jonathan Perry,22,nwalker@example.com,Financial manager
194,Michael Tucker,26,cody26@example.net,Homeopath
195,Angie Norton,23,zerickson@example.net,"Surveyor, commercial/residential"
196,Angel Jackson,20,derrick37@example.com,Exhibition designer
197,Lisa Barnett,32,gregory16@example.com,Midwife
198,George Fowler,44,tamara48@example.net,Print production planner
199,Claudia Torres,47,nstephenson@example.com,"Engineer, materials"
200,Katrina Harrington,24,anthonywhite@example.org,IT consultant
201,Carmen Winters,20,cruzsavannah@example.net,Youth worker
202,Mr. Nathan Cross,36,robertseduardo@example.org,Financial trader
203,Jose Henson,23,lorilin@example.com,Airline pilot
204,Anna Kim,22,kevin94@example.org,"Lecturer, further education"
205,Melanie Bell,16,maria44@example.net,Television floor manager
206,Billy Watson,18,vrogers@example.org,Financial manager
207,Cathy Mathews,18,tlane@example.com,Set designer
208,Larry Leon,50,ireynolds@example.net,Public relations officer
209,Nicole Bush,22,bennettphillip@example.net,"Administrator, arts"
210,Steven Williams,12,patricia78@example.org,"Lighting technician, broadcasting/film/video"
211,Elizabeth Smith,51,nmartin@example.org,Clinical research associate
212,Kevin Jones,51,wallacedustin@example.net,Energy manager
213,Latoya Taylor,24,valeriejohnson@example.com,Housing manager/officer
214,Douglas Jones,48,paulvalencia@example.org,Oncologist
215,Caroline Hunt,35,noah58@example.com,Dispensing optician
216,Joseph Burnett,55,millerkaren@example.com,"Restaurant manager, fast food"
217,Don Rice DDS,18,christopherpatterson@example.net,Herpetologist
218,Bonnie Davis,44,jmendoza@example.org,Multimedia specialist
219,Margaret Peterson DDS,45,allison21@example.com,"Administrator, Civil Service"
220,Stephen Jacobs,18,chambersomar@example.org,Banker
221,Michael Myers,41,samanthacampbell@example.com,Retail merchandiser
222,Julia Gonzalez,40,vsmith@example.com,Airline pilot
223,Lori Gibson,50,lpetersen@example.org,Agricultural engineer
224,Audrey Poole,41,hmckee@example.com,Town planner
225,Joseph Vasquez,12,fli@example.com,Corporate investment banker
226,Troy Hansen,21,ystark@example.com,Health physicist
227,Tara Harrison,49,perrygates@example.net,Environmental consultant
228,Kimberly Cook,13,uhenry@example.com,"Journalist, newspaper"
229,Amber Mccarty,39,dlowe@example.net,Engineering geologist
230,Kathleen Reynolds,12,curtisalvarez@example.org,Chiropractor
231,Dustin Johnson,42,melissamcdowell@example.net,Fine artist
232,Sara Thompson,32,xgordon@example.net,Brewing technologist
233,Valerie Green,34,kyle16@example.com,"Conservation officer, nature"
234,Steven Yoder,47,gina35@example.org,"Therapist, occupational"
235,Sharon Duran,51,hernandezjames@example.net,"Engineer, maintenance"
236,Micheal Sims,54,john63@example.org,Product/process development scientist
237,Teresa Stanton,36,reginacooper@example.net,"Librarian, public"
238,Dr. Christopher Petersen,11,hclark@example.net,"Engineer, water"
239,Jeremy Austin,19,tammyjackson@example.org,Logistics and distribution manager
240,Patricia Duke,35,lrogers@example.org,Civil Service administrator
241,Christian Wheeler,48,marialee@example.org,Communications engineer
242,Dr. Kimberly Cardenas,18,wardjoseph@example.net,Chartered certified accountant
243,Lori Sharp,11,mgriffin@example.org,Dentist
244,Ricky Terry,44,wilsonmeghan@example.org,Diplomatic Services operational officer
245,Michael Johnson,38,larsonadam@example.org,Theme park manager
246,Thomas Wagner,22,rasmussenchristine@example.net,Volunteer coordinator
247,Samuel Rodriguez,24,april55@example.net,Hospital doctor
248,Jeremy Smith,55,vernonknapp@example.net,"Journalist, newspaper"
249,Tricia Morris,31,taylorcooper@example.com,Training and development officer
250,David Johnson,20,luis68@example.net,Pathologist
251,Christopher Cobb,24,tristan80@example.net,Purchasing manager
252,Jeremy Brown,25,ashleymunoz@example.com,Building surveyor
253,Andrea Burton,31,shannonperez@example.com,Customer service manager
254,Travis Deleon,26,josephfisher@example.com,Risk analyst
255,Joshua Berg,11,cathy29@example.com,Midwife
256,Thomas Hurley,54,eric38@example.net,"Engineer, electronics"
257,Nicholas Powers,50,hstevens@example.org,"Clinical scientist, histocompatibility and immunogenetics"
258,Gina Robinson,37,pdominguez@example.com,"Scientist, clinical (histocompatibility and immunogenetics)"
259,April Wilson,12,dmurray@example.org,Child psychotherapist
260,Paula Cisneros,32,cummingskeith@example.org,Community pharmacist
261,Jonathan Gamble,51,tcross@example.org,Tax adviser
262,Jose Mayer,19,hernandezkristen@example.net,Sales executive
263,Daniel Hartman,16,jerry72@example.org,Fish farm manager
264,Carlos Steele,51,reillyphilip@example.com,Television/film/video producer
265,Michelle Gray,24,aprilparker@example.net,Claims inspector/assessor
266,William Parker,50,fstewart@example.org,Stage manager
267,Ruth Cross,27,allentate@example.com,"Designer, television/film set"
268,Carolyn Nichols,21,richardsjessica@example.com,Tour manager
269,Kristen Jones,28,cooperjanet@example.net,Teaching laboratory technician
270,Douglas Parks,30,tdavis@example.org,Office manager
271,Scott Zavala,40,david42@example.org,Camera operator
272,Ian Perry,38,shawn54@example.com,Medical physicist
273,Susan Perry,27,ashleygonzalez@example.org,Catering manager
274,Erik Allen,11,phillipsrichard@example.net,"Civil engineer, contracting"
275,John Johnson,51,csmith@example.org,"Engineer, agricultural"
276,Erika Sutton,48,hendersondavid@example.org,Information systems manager
277,Thomas Lowe,41,rrodriguez@example.net,Adult nurse
278,Angela Stafford,17,cassandrabaker@example.com,Chartered management accountant
279,Ricky Mcgee,15,melanie10@example.com,"Scientist, physiological"
280,Patrick Perez,12,cookashley@example.org,Records manager
281,Suzanne Nichols,42,edavis@example.com,"Psychologist, counselling"
282,Shelby Farmer,13,bmoon@example.net,"Designer, industrial/product"
283,Jason Perry,24,michael43@example.org,Trade mark attorney
284,Heather Roberts,11,thomasbarbara@example.org,Ecologist
285,Ms. Stephanie Carey DDS,46,mahoneyjared@example.com,"Administrator, arts"
286,Stefanie Johnston,23,hintontiffany@example.org,Community arts worker
287,Susan Lam,33,roger18@example.org,"Lighting technician, broadcasting/film/video"
288,Michael Johnson,32,cobbleah@example.org,"Teacher, primary school"
289,Randy Melton,22,gregorymcintosh@example.org,Petroleum engineer
290,William Perry,13,patricksanders@example.net,Pathologist
291,Lori Kent,44,khankristine@example.net,Actor
292,Kelsey Martin,42,piercetammy@example.com,Land
293,Jasmine Delacruz,43,ortegastacey@example.com,"Optician, dispensing"
294,Julie Reed,30,boyererik@example.com,Fashion designer
295,Kimberly Meyers,41,lknapp@example.com,Magazine journalist
296,Steven Flores,40,andreabartlett@example.org,Dramatherapist
297,Stacey Rodriguez,24,rebecca56@example.net,Chartered public finance accountant
298,Todd Anderson,50,lorilara@example.net,Fashion designer
299,Jonathan Goodwin,52,santosnathan@example.org,Chartered loss adjuster
300,John Walton,11,alexandradunn@example.net,Brewing technologist
301,Joseph Gibson,25,jason23@example.org,Gaffer
302,Louis Moon,43,nancyperry@example.org,Medical sales representative
303,Brandon Bowen,51,ftaylor@example.com,Patent examiner
304,Kevin Sampson,42,melissalittle@example.com,Historic buildings inspector/conservation officer
305,Kathryn Brewer,17,christine40@example.com,Diagnostic radiographer
306,Claudia Dickerson,25,alice88@example.net,Licensed conveyancer
307,Ryan Archer,32,monica51@example.com,"Accountant, chartered"
308,Jose Stewart,42,jeanette36@example.org,Industrial buyer
309,Robert Williams,46,ashley50@example.net,Petroleum engineer
310,Mr. Logan Montes Jr.,21,ireeves@example.net,Charity officer
311,Ashley Compton,42,zhayes@example.com,"Therapist, music"
312,Angela Johnson,14,wanda51@example.org,"Engineer, civil (contracting)"
313,Deanna Meadows,47,veronicawilson@example.net,Retail buyer
314,Tara Ward,42,danielhampton@example.net,Paediatric nurse
315,George Martinez,46,michaelpham@example.org,Sports development officer
316,Tyler Mcdonald,54,wturner@example.net,Scientific laboratory technician
317,Karen Ross,52,joshua45@example.net,Community arts worker
318,Brandy Graham,52,icrawford@example.org,Trading standards officer
319,Kenneth Jordan,39,aaronconner@example.net,Nature conservation officer
320,Frank Yu,24,holmesadrian@example.org,"Research officer, trade union"
321,Joanne Huff,11,joshuapaul@example.net,Charity fundraiser
322,Benjamin Guzman,54,bowenryan@example.net,Firefighter
323,Jacqueline Brooks,36,briancopeland@example.com,Emergency planning/management officer
324,Susan Love,44,kelly44@example.com,"Optician, dispensing"
325,Nicole Collins,15,stephanie56@example.net,Immunologist
326,Debbie Johnson,39,qnelson@example.net,Primary school teacher
327,Michael Hoover,32,schultzdylan@example.com,Airline pilot
328,Wesley Edwards,20,jamesbeck@example.org,"Radiographer, diagnostic"
329,Kim Jacobson,10,jturner@example.net,"Teacher, primary school"
330,Alexis Cooper,51,lnguyen@example.net,Artist
331,Abigail Harris,52,nicole93@example.net,Advertising account executive
332,Tonya Nolan,17,lmeyer@example.org,Biomedical scientist
333,Timothy Taylor,21,frobertson@example.com,Civil Service fast streamer
334,Christina Wright,20,pcole@example.net,"Designer, fashion/clothing"
335,Joshua Martin,32,vwise@example.com,Furniture designer
336,Brandi Mason,49,torresbarry@example.net,Broadcast presenter
337,Nicole Lang,34,nroth@example.org,"Secretary, company"
338,Nicole Lawson,25,cjackson@example.com,"Research officer, trade union"
339,Darrell Ball,53,drice@example.org,"Administrator, arts"
340,April Guzman,42,nicholas35@example.net,Associate Professor
341,Michael Sullivan,42,carmen50@example.com,Youth worker
342,Scott Garcia,11,kaiserrebecca@example.org,Horticultural therapist
343,Andre Osborne,51,oconnellnathan@example.net,Location manager
344,Erin Moore,14,joshuaharris@example.org,Fitness centre manager
345,Donald Phillips,41,lisawalker@example.net,Banker
346,Tanya Hall DVM,13,pughmary@example.net,"Lighting technician, broadcasting/film/video"
347,Deborah Ritter,25,christinemosley@example.com,Physiological scientist
348,Barbara Smith,16,samuel22@example.com,Research scientist (maths)
349,Roy Hall,39,brownmelissa@example.com,Theatre stage manager
350,Logan Brooks,25,aryan@example.com,Phytotherapist
351,Zachary Hayes,43,elizabethwilkins@example.com,"Teacher, music"
352,Amanda Rodriguez,50,briansingh@example.com,Community pharmacist
353,Sheila Hickman,31,ericvance@example.org,Clinical research associate
354,John Baker,31,craiglauren@example.net,"Producer, radio"
355,Jessica Munoz,19,calvin85@example.com,Logistics and distribution manager
356,Hector Ferrell,47,simmonselizabeth@example.org,Biomedical scientist
357,Rebecca Guzman,35,matthewkim@example.net,"Conservation officer, nature"
358,Aaron Martin,29,wellis@example.net,Dancer
359,Stephanie Cooley,55,jasonhuerta@example.com,"Production assistant, television"
360,David Bennett,15,manderson@example.net,"Teacher, adult education"
361,Alicia Williams,37,jenniferklein@example.com,"Therapist, drama"
362,Susan Carpenter,10,gordonrebecca@example.com,Tree surgeon
363,Amanda Moore,29,mark94@example.org,Environmental health practitioner
364,Gary Wilson,10,fullermichael@example.com,"Psychotherapist, child"
365,Mallory Dyer,24,sabrina17@example.com,"Conservation officer, nature"
366,Marie James,46,sandrasanchez@example.net,"Editor, film/video"
367,John Kaiser,49,brian35@example.com,Hotel manager
368,Nicole Johnson,34,jamesmorris@example.org,"Engineer, production"
369,Christopher Lee MD,34,silvaryan@example.com,Television production assistant
370,Laura Hendricks,24,bchavez@example.net,Museum/gallery curator
371,Alicia Patterson,41,iharris@example.com,Insurance underwriter
372,Charles James,21,hawkinsjason@example.net,Immigration officer
373,Angela Lopez,53,ashley34@example.com,"Psychologist, counselling"
374,Juan Sullivan,15,allendillon@example.org,Seismic interpreter
375,Michelle Hanson,28,dbrown@example.org,Advertising copywriter
376,Dorothy Mason,23,jasonrhodes@example.org,Brewing technologist
377,Mr. Willie Thompson MD,52,fieldsshannon@example.org,Fitness centre manager
378,David Williams,25,margaret70@example.com,Best boy
379,Gary Ramirez Jr.,45,joseph00@example.org,Systems developer
380,Meagan Gardner,55,michellemarshall@example.org,"Conservator, furniture"
381,Thomas Berry,47,paynedeborah@example.com,Company secretary
382,Ashley Watson,23,tjohnson@example.org,Chief Operating Officer
383,Jennifer Hoffman,14,lopezrobert@example.com,Research scientist (physical sciences)
384,Jacob Wright,40,kimberlylee@example.com,Clinical cytogeneticist
385,Justin Miles,18,theresa20@example.com,Early years teacher
386,Bradley Wilson,36,cynthia30@example.net,Building services engineer
387,Michele Johnson,41,tracyreed@example.org,Interpreter
388,Kelly Young,38,longcharles@example.org,Technical sales engineer
389,Timothy Turner,17,tiffanycox@example.com,Podiatrist
390,Debra Lynch,15,schwartzmark@example.com,"Education officer, museum"
391,Joshua Bennett,16,beckypatrick@example.org,Local government officer
392,Richard Gill,53,laurenmolina@example.org,Graphic designer
393,John Huynh,36,michelle89@example.org,Pension scheme manager
394,Mr. John Anderson,25,janetchavez@example.net,"Engineer, maintenance (IT)"
395,Mark Myers,55,anthonyharris@example.net,Lobbyist
396,Ronnie Gilbert,44,hpayne@example.com,Records manager
397,April Smith,30,thomaspowers@example.org,Legal executive
398,Laura Shea,54,peggyyoder@example.net,"Scientist, research (physical sciences)"
399,Roy Howard,10,rosscarol@example.com,Wellsite geologist
400,Robert Chapman,32,lawrenceaaron@example.net,Health physicist
401,Amy Oconnor,23,ashleyfrazier@example.net,Emergency planning/management officer
402,Katherine Gallagher,13,monica69@example.org,Clothing/textile technologist
403,Willie Sanders,34,mtaylor@example.com,Illustrator
404,Christopher Kim,44,vchen@example.org,"Production assistant, radio"
405,Dale Maldonado,25,leelopez@example.net,Set designer
406,Nicole Powers,10,murphykelly@example.com,Radio producer
407,Stephen Tucker,35,yvonnecook@example.com,Marketing executive
408,Arthur White,45,scott27@example.net,Medical illustrator
409,Patricia Zimmerman,15,watsonbrittney@example.net,Tourist information centre manager
410,Jennifer Herrera,31,gmccoy@example.org,"Secretary, company"
411,Jonathan Anderson,11,ohill@example.net,Ergonomist
412,Edward Johnston,55,olsendarlene@example.net,"Psychotherapist, child"
413,Christine Medina,37,victor73@example.org,Logistics and distribution manager
414,Jody Clark,49,kayla46@example.net,"Designer, interior/spatial"
415,Nicole White,19,christine50@example.com,Financial controller
416,Crystal Marsh,34,michael77@example.net,Computer games developer
417,Monique Lambert,52,alexazamora@example.org,Environmental consultant
418,Amber Andrews,31,marilynwyatt@example.com,"Engineer, electronics"
419,Jill Madden,33,toddholland@example.org,IT sales professional
420,Keith Jones,16,jenniferfields@example.net,Pharmacologist
421,Jason Miller,33,sandragibson@example.org,Academic librarian
422,Jessica Ferguson,33,dylan79@example.com,Forensic psychologist
423,Shannon Smith,46,gabrielle70@example.net,Minerals surveyor
424,Joseph Norman,18,xstephens@example.org,"Copywriter, advertising"
425,Melanie Wilson,52,erinherrera@example.net,Veterinary surgeon
426,Andrew Carter DVM,22,brendathomas@example.com,"Surveyor, building"
427,Jeanette Phillips,36,robertmays@example.org,Tourism officer
428,Sandra Adams,13,cynthiabaker@example.net,Geoscientist
429,Aaron Frye,50,jessica95@example.com,Osteopath
430,Brendan Smith,26,mcdowelldale@example.org,"Designer, exhibition/display"
431,Stephanie Hill,17,luis41@example.org,Education administrator
432,Jessica James,46,kyle30@example.com,Ship broker
433,Michael Hall,26,maldonadoangela@example.com,Herpetologist
434,Andrea Clark,23,allenlucas@example.org,Air cabin crew
435,Jennifer Carter,54,kathleen09@example.net,Forensic psychologist
436,Angela Foster,12,carl61@example.org,Media planner
437,Kevin Francis,29,zacharyfrench@example.net,Emergency planning/management officer
438,Stephanie Stone,52,dylanhood@example.net,Child psychotherapist
439,Robert Myers DDS,18,donnamiller@example.net,Civil Service administrator
440,Laura Mason,14,guzmanjason@example.net,Biomedical engineer
441,Stephen Mcknight,47,sandra14@example.net,Probation officer
442,Laura Robinson,51,brittany86@example.net,"Therapist, art"
443,Latasha Walker,31,hillchristian@example.org,"Development worker, community"
444,Mrs. Tara Phillips,23,duncanconnie@example.com,Insurance account manager
445,Dr. Tiffany Edwards,27,brownkathleen@example.org,Prison officer
446,Traci Jackson,15,rhall@example.net,Personnel officer
447,Gwendolyn Smith,26,ashley06@example.net,Commercial art gallery manager
448,Jennifer Russell,33,ksmith@example.org,"Editor, film/video"
449,Darrell Arnold,17,mendozateresa@example.net,"Education officer, environmental"
450,Nicole Jones,47,tiffany15@example.net,Telecommunications researcher
451,Christian Anthony,14,william38@example.org,Professor Emeritus
452,Christine Moore,46,sbarnett@example.org,Dentist
453,Angela Everett,10,eric49@example.net,Plant breeder/geneticist
454,Gordon Walton,10,lawrencerachel@example.org,Film/video editor
455,Charles Farrell,51,fdominguez@example.net,Press sub
456,Chelsea Long,12,johnortiz@example.net,Medical physicist
457,Jeffrey Stevenson,37,zacharymitchell@example.com,Warehouse manager
458,Anthony Durham,10,heathercoleman@example.com,Advertising account executive
459,Nicole Williams,19,sandraday@example.org,Make
460,Cathy Flores,38,joann83@example.org,Trade mark attorney
461,Leah Ochoa,26,ronaldle@example.com,"Doctor, general practice"
462,Samuel Roth,47,sara81@example.net,Armed forces training and education officer
463,Jennifer Hudson,32,pachecopatricia@example.net,Manufacturing systems engineer
464,Kelly Robinson,53,john98@example.com,Mining engineer
465,Alexa Brown,25,rmiller@example.com,Marine scientist
466,Donald Butler,50,michaelochoa@example.com,Site engineer
467,Timothy Jones,52,williamrodriguez@example.com,"Programmer, multimedia"
468,Tracy Ruiz,16,gonzalezdaniel@example.com,"Chemist, analytical"
469,Michael Spears,20,hooveromar@example.com,"Presenter, broadcasting"
470,Shawn Nash,40,garypittman@example.org,Food technologist
471,Jennifer Vang,42,walshgeorge@example.com,Statistician
472,John Jones,29,melissafreeman@example.org,Arboriculturist
473,Anthony Lam,18,lynnwebb@example.com,"Engineer, electronics"
474,Samantha Nunez,36,edward85@example.com,Financial adviser
475,Timothy Butler,45,cheyennesanchez@example.com,Town planner
476,Justin Sampson,53,rogermedina@example.com,Pharmacologist
477,Thomas Pollard,35,odonnelllindsay@example.com,Freight forwarder
478,Shannon Kramer,47,randall87@example.net,Podiatrist
479,Thomas Hale,20,olivia91@example.org,"Designer, ceramics/pottery"
480,Geoffrey Boyd,21,davidlloyd@example.net,"Scientist, research (medical)"
481,Jared Lewis,38,cbrown@example.org,"Conservator, furniture"
482,Nicholas Peck Jr.,43,zacharymartin@example.org,"Programmer, multimedia"
483,Robert Stuart,33,thomasevans@example.com,"Geneticist, molecular"
484,Ian Fuller,19,hjones@example.org,Data scientist
485,Richard Mathis,32,emilymartin@example.org,Educational psychologist
486,Veronica Davis,54,amy30@example.org,"Designer, furniture"
487,Gail Cross,55,haynesrobert@example.com,Environmental education officer
488,Jessica Suarez,35,lauraunderwood@example.com,Petroleum engineer
489,Allison Rogers,14,cody29@example.net,"Engineer, manufacturing systems"
490,Terry Wilson,37,ucampbell@example.com,Diagnostic radiographer
491,Shawn Blake,38,zpark@example.com,Haematologist
492,Eric Miller,55,campbellheather@example.com,Physiological scientist
493,Jennifer Wilson,34,donald89@example.com,Air broker
494,Meagan Martin,29,wigginsjames@example.com,Hydrologist
495,Timothy Phillips,16,angelamartin@example.com,Drilling engineer
496,Deborah Harris,30,jeffery47@example.com,Public librarian
497,Ricky Clark,38,wolfejames@example.com,Software engineer
498,Jennifer Ryan,46,sarahparker@example.org,Best boy
499,Raymond Phillips,38,brittany02@example.org,Chief of Staff
500,Kelly Fry,12,daniel78@example.com,Patent examiner
